<?xml version="1.0" encoding="utf-8" ?>
<access component="com_ask">
	<section name="component">
		<action name="question.unpublished" title="QUESTION_UNPUBLISHED" description="" />
		<action name="question.answer" title="QUESTION_ANSWER" description="" />
		<action name="question.edit" title="QUESTION_EDIT" description="" />
		<action name="core.create" title="CORE_CREATE" description="" />
		<action name="core.edit" title="CORE_EDIT" description="" />
		<action name="core.edit_any" title="QUESTION_EDIT_ANY" description="" />
		<action name="question.delete" title="QUESTION_DELETE" description="" />
		<action name="question.publish" title="QUESTION_PUBLISH" description="" />
		<action name="question.viewanswers" title="QUESTION_VIEWANSWERS" description="" />
		<action name="question.vote" title="QUESTION_VOTE" description="" />
		<action name="core.admin" title="CORE_ADMIN" description="" /> 
	</section>
</access>